LOCATION,INDICATOR,SUBJECT,MEASURE,FREQUENCY,TIME,Value,Flag Codes
AUS,GDEXPRD,TOT,PC_GDP,A,2000,1.477464521,
AUS,GDEXPRD,TOT,PC_GDP,A,2002,1.649470635,
AUS,GDEXPRD,TOT,PC_GDP,A,2004,1.731244803,
AUS,GDEXPRD,TOT,PC_GDP,A,2006,2.004172676,
AUS,GDEXPRD,TOT,PC_GDP,A,2008,2.245701884,
AUS,GDEXPRD,TOT,PC_GDP,A,2010,2.182304101,
AUS,GDEXPRD,TOT,PC_GDP,A,2011,2.114030536,
AUS,GDEXPRD,TOT,PC_GDP,A,2013,2.093892514,
AUS,GDEXPRD,TOT,PC_GDP,A,2015,1.875612466,
AUT,GDEXPRD,TOT,PC_GDP,A,2000,1.886024244,
AUT,GDEXPRD,TOT,PC_GDP,A,2001,1.992104481,
AUT,GDEXPRD,TOT,PC_GDP,A,2002,2.065983838,
AUT,GDEXPRD,TOT,PC_GDP,A,2003,2.174556416,
AUT,GDEXPRD,TOT,PC_GDP,A,2004,2.166116646,
AUT,GDEXPRD,TOT,PC_GDP,A,2005,2.373239905,
AUT,GDEXPRD,TOT,PC_GDP,A,2006,2.359227098,
AUT,GDEXPRD,TOT,PC_GDP,A,2007,2.418432317,
AUT,GDEXPRD,TOT,PC_GDP,A,2008,2.569448163,
AUT,GDEXPRD,TOT,PC_GDP,A,2009,2.596736777,
AUT,GDEXPRD,TOT,PC_GDP,A,2010,2.726100573,
AUT,GDEXPRD,TOT,PC_GDP,A,2011,2.668677896,
AUT,GDEXPRD,TOT,PC_GDP,A,2012,2.91471878,
AUT,GDEXPRD,TOT,PC_GDP,A,2013,2.954918369,
AUT,GDEXPRD,TOT,PC_GDP,A,2014,3.084286721,
AUT,GDEXPRD,TOT,PC_GDP,A,2015,3.049785465,
AUT,GDEXPRD,TOT,PC_GDP,A,2016,3.125226061,
AUT,GDEXPRD,TOT,PC_GDP,A,2017,3.157430713,
BEL,GDEXPRD,TOT,PC_GDP,A,2000,1.922356524,
BEL,GDEXPRD,TOT,PC_GDP,A,2001,2.021675053,
BEL,GDEXPRD,TOT,PC_GDP,A,2002,1.890729581,
BEL,GDEXPRD,TOT,PC_GDP,A,2003,1.831838434,
BEL,GDEXPRD,TOT,PC_GDP,A,2004,1.808979588,
BEL,GDEXPRD,TOT,PC_GDP,A,2005,1.782309893,
BEL,GDEXPRD,TOT,PC_GDP,A,2006,1.814264006,
BEL,GDEXPRD,TOT,PC_GDP,A,2007,1.844125525,
BEL,GDEXPRD,TOT,PC_GDP,A,2008,1.924133022,
BEL,GDEXPRD,TOT,PC_GDP,A,2009,1.98537134,
BEL,GDEXPRD,TOT,PC_GDP,A,2010,2.050805189,
BEL,GDEXPRD,TOT,PC_GDP,A,2011,2.155332159,
BEL,GDEXPRD,TOT,PC_GDP,A,2012,2.273338252,
BEL,GDEXPRD,TOT,PC_GDP,A,2013,2.333934258,
BEL,GDEXPRD,TOT,PC_GDP,A,2014,2.387294151,
BEL,GDEXPRD,TOT,PC_GDP,A,2015,2.461788053,
BEL,GDEXPRD,TOT,PC_GDP,A,2016,2.545359432,
BEL,GDEXPRD,TOT,PC_GDP,A,2017,2.595205715,
CAN,GDEXPRD,TOT,PC_GDP,A,2000,1.864692756,
CAN,GDEXPRD,TOT,PC_GDP,A,2001,2.02831202,
CAN,GDEXPRD,TOT,PC_GDP,A,2002,1.978726338,
CAN,GDEXPRD,TOT,PC_GDP,A,2003,1.974782355,
CAN,GDEXPRD,TOT,PC_GDP,A,2004,2.004164732,
CAN,GDEXPRD,TOT,PC_GDP,A,2005,1.977589716,
CAN,GDEXPRD,TOT,PC_GDP,A,2006,1.948724272,
CAN,GDEXPRD,TOT,PC_GDP,A,2007,1.908572562,
CAN,GDEXPRD,TOT,PC_GDP,A,2008,1.860401241,
CAN,GDEXPRD,TOT,PC_GDP,A,2009,1.922270818,
CAN,GDEXPRD,TOT,PC_GDP,A,2010,1.829580117,
CAN,GDEXPRD,TOT,PC_GDP,A,2011,1.79132289,
CAN,GDEXPRD,TOT,PC_GDP,A,2012,1.77659962,
CAN,GDEXPRD,TOT,PC_GDP,A,2013,1.709642688,
CAN,GDEXPRD,TOT,PC_GDP,A,2014,1.718233951,
CAN,GDEXPRD,TOT,PC_GDP,A,2015,1.697175336,
CAN,GDEXPRD,TOT,PC_GDP,A,2016,1.697281977,
CAN,GDEXPRD,TOT,PC_GDP,A,2017,1.590996703,
CAN,GDEXPRD,TOT,PC_GDP,A,2018,1.548202425,
CZE,GDEXPRD,TOT,PC_GDP,A,2000,1.113191474,
CZE,GDEXPRD,TOT,PC_GDP,A,2001,1.103332971,
CZE,GDEXPRD,TOT,PC_GDP,A,2002,1.102018016,
CZE,GDEXPRD,TOT,PC_GDP,A,2003,1.147409704,
CZE,GDEXPRD,TOT,PC_GDP,A,2004,1.145589567,
CZE,GDEXPRD,TOT,PC_GDP,A,2005,1.168347672,
CZE,GDEXPRD,TOT,PC_GDP,A,2006,1.231731897,
CZE,GDEXPRD,TOT,PC_GDP,A,2007,1.302275111,
CZE,GDEXPRD,TOT,PC_GDP,A,2008,1.239327215,
CZE,GDEXPRD,TOT,PC_GDP,A,2009,1.29438486,
CZE,GDEXPRD,TOT,PC_GDP,A,2010,1.336884515,
CZE,GDEXPRD,TOT,PC_GDP,A,2011,1.555706853,
CZE,GDEXPRD,TOT,PC_GDP,A,2012,1.782312212,
CZE,GDEXPRD,TOT,PC_GDP,A,2013,1.899730463,
CZE,GDEXPRD,TOT,PC_GDP,A,2014,1.972847232,
CZE,GDEXPRD,TOT,PC_GDP,A,2015,1.929233604,
CZE,GDEXPRD,TOT,PC_GDP,A,2016,1.680145245,
CZE,GDEXPRD,TOT,PC_GDP,A,2017,1.790791428,
DNK,GDEXPRD,TOT,PC_GDP,A,2001,2.324664656,
DNK,GDEXPRD,TOT,PC_GDP,A,2002,2.441445651,
DNK,GDEXPRD,TOT,PC_GDP,A,2003,2.510845457,
DNK,GDEXPRD,TOT,PC_GDP,A,2004,2.41916299,
DNK,GDEXPRD,TOT,PC_GDP,A,2005,2.393373163,
DNK,GDEXPRD,TOT,PC_GDP,A,2006,2.403002895,
DNK,GDEXPRD,TOT,PC_GDP,A,2007,2.515412817,
DNK,GDEXPRD,TOT,PC_GDP,A,2008,2.773457232,
DNK,GDEXPRD,TOT,PC_GDP,A,2009,3.055141182,
DNK,GDEXPRD,TOT,PC_GDP,A,2010,2.917065634,
DNK,GDEXPRD,TOT,PC_GDP,A,2011,2.944650741,
DNK,GDEXPRD,TOT,PC_GDP,A,2012,2.981247513,
DNK,GDEXPRD,TOT,PC_GDP,A,2013,2.970481588,
DNK,GDEXPRD,TOT,PC_GDP,A,2014,2.914043,
DNK,GDEXPRD,TOT,PC_GDP,A,2015,3.054966813,
DNK,GDEXPRD,TOT,PC_GDP,A,2016,3.118679222,
DNK,GDEXPRD,TOT,PC_GDP,A,2017,3.055828861,
FIN,GDEXPRD,TOT,PC_GDP,A,2000,3.245687641,
FIN,GDEXPRD,TOT,PC_GDP,A,2001,3.197946637,
FIN,GDEXPRD,TOT,PC_GDP,A,2002,3.257399298,
FIN,GDEXPRD,TOT,PC_GDP,A,2003,3.3021383,
FIN,GDEXPRD,TOT,PC_GDP,A,2004,3.314939616,
FIN,GDEXPRD,TOT,PC_GDP,A,2005,3.329764519,
FIN,GDEXPRD,TOT,PC_GDP,A,2006,3.337618154,
FIN,GDEXPRD,TOT,PC_GDP,A,2007,3.345769412,
FIN,GDEXPRD,TOT,PC_GDP,A,2008,3.5470838,
FIN,GDEXPRD,TOT,PC_GDP,A,2009,3.748831624,
FIN,GDEXPRD,TOT,PC_GDP,A,2010,3.725975788,
FIN,GDEXPRD,TOT,PC_GDP,A,2011,3.638811596,
FIN,GDEXPRD,TOT,PC_GDP,A,2012,3.419483165,
FIN,GDEXPRD,TOT,PC_GDP,A,2013,3.287186851,
FIN,GDEXPRD,TOT,PC_GDP,A,2014,3.169306092,
FIN,GDEXPRD,TOT,PC_GDP,A,2015,2.891565691,
FIN,GDEXPRD,TOT,PC_GDP,A,2016,2.742637905,
FIN,GDEXPRD,TOT,PC_GDP,A,2017,2.757222232,
FRA,GDEXPRD,TOT,PC_GDP,A,2000,2.093460978,
FRA,GDEXPRD,TOT,PC_GDP,A,2001,2.138042517,
FRA,GDEXPRD,TOT,PC_GDP,A,2002,2.174494514,
FRA,GDEXPRD,TOT,PC_GDP,A,2003,2.119937208,
FRA,GDEXPRD,TOT,PC_GDP,A,2004,2.094612844,
FRA,GDEXPRD,TOT,PC_GDP,A,2005,2.051505823,
FRA,GDEXPRD,TOT,PC_GDP,A,2006,2.050937992,
FRA,GDEXPRD,TOT,PC_GDP,A,2007,2.024512996,
FRA,GDEXPRD,TOT,PC_GDP,A,2008,2.061169195,
FRA,GDEXPRD,TOT,PC_GDP,A,2009,2.21206518,
FRA,GDEXPRD,TOT,PC_GDP,A,2010,2.178573219,
FRA,GDEXPRD,TOT,PC_GDP,A,2011,2.191614526,
FRA,GDEXPRD,TOT,PC_GDP,A,2012,2.227065823,
FRA,GDEXPRD,TOT,PC_GDP,A,2013,2.237025131,
FRA,GDEXPRD,TOT,PC_GDP,A,2014,2.27591667,
FRA,GDEXPRD,TOT,PC_GDP,A,2015,2.267030775,
FRA,GDEXPRD,TOT,PC_GDP,A,2016,2.248050318,
FRA,GDEXPRD,TOT,PC_GDP,A,2017,2.188683757,
DEU,GDEXPRD,TOT,PC_GDP,A,2000,2.391659737,
DEU,GDEXPRD,TOT,PC_GDP,A,2001,2.385576989,
DEU,GDEXPRD,TOT,PC_GDP,A,2002,2.415425363,
DEU,GDEXPRD,TOT,PC_GDP,A,2003,2.456600663,
DEU,GDEXPRD,TOT,PC_GDP,A,2004,2.420788155,
DEU,GDEXPRD,TOT,PC_GDP,A,2005,2.422530619,
DEU,GDEXPRD,TOT,PC_GDP,A,2006,2.45603677,
DEU,GDEXPRD,TOT,PC_GDP,A,2007,2.446333233,
DEU,GDEXPRD,TOT,PC_GDP,A,2008,2.597123049,
DEU,GDEXPRD,TOT,PC_GDP,A,2009,2.726442557,
DEU,GDEXPRD,TOT,PC_GDP,A,2010,2.713665868,
DEU,GDEXPRD,TOT,PC_GDP,A,2011,2.795624037,
DEU,GDEXPRD,TOT,PC_GDP,A,2012,2.86812621,
DEU,GDEXPRD,TOT,PC_GDP,A,2013,2.821045198,
DEU,GDEXPRD,TOT,PC_GDP,A,2014,2.866911206,
DEU,GDEXPRD,TOT,PC_GDP,A,2015,2.911967719,
DEU,GDEXPRD,TOT,PC_GDP,A,2016,2.91711546,
DEU,GDEXPRD,TOT,PC_GDP,A,2017,3.022333661,
GRC,GDEXPRD,TOT,PC_GDP,A,2001,0.559483888,
GRC,GDEXPRD,TOT,PC_GDP,A,2003,0.546536615,
GRC,GDEXPRD,TOT,PC_GDP,A,2004,0.527303336,
GRC,GDEXPRD,TOT,PC_GDP,A,2005,0.578956184,
GRC,GDEXPRD,TOT,PC_GDP,A,2006,0.561182043,
GRC,GDEXPRD,TOT,PC_GDP,A,2007,0.57654971,
GRC,GDEXPRD,TOT,PC_GDP,A,2008,0.661832067,
GRC,GDEXPRD,TOT,PC_GDP,A,2009,0.625568914,
GRC,GDEXPRD,TOT,PC_GDP,A,2010,0.598376915,
GRC,GDEXPRD,TOT,PC_GDP,A,2011,0.671962477,
GRC,GDEXPRD,TOT,PC_GDP,A,2012,0.699567292,
GRC,GDEXPRD,TOT,PC_GDP,A,2013,0.811312099,
GRC,GDEXPRD,TOT,PC_GDP,A,2014,0.833297289,
GRC,GDEXPRD,TOT,PC_GDP,A,2015,0.961207155,
GRC,GDEXPRD,TOT,PC_GDP,A,2016,0.993937565,
GRC,GDEXPRD,TOT,PC_GDP,A,2017,1.128080754,
HUN,GDEXPRD,TOT,PC_GDP,A,2000,0.789415849,
HUN,GDEXPRD,TOT,PC_GDP,A,2001,0.911887788,
HUN,GDEXPRD,TOT,PC_GDP,A,2002,0.981978845,
HUN,GDEXPRD,TOT,PC_GDP,A,2003,0.918405628,
HUN,GDEXPRD,TOT,PC_GDP,A,2004,0.860347955,
HUN,GDEXPRD,TOT,PC_GDP,A,2005,0.920944615,
HUN,GDEXPRD,TOT,PC_GDP,A,2006,0.980968882,
HUN,GDEXPRD,TOT,PC_GDP,A,2007,0.956739691,
HUN,GDEXPRD,TOT,PC_GDP,A,2008,0.97959706,
HUN,GDEXPRD,TOT,PC_GDP,A,2009,1.132121791,
HUN,GDEXPRD,TOT,PC_GDP,A,2010,1.13944929,
HUN,GDEXPRD,TOT,PC_GDP,A,2011,1.188970278,
HUN,GDEXPRD,TOT,PC_GDP,A,2012,1.263620414,
HUN,GDEXPRD,TOT,PC_GDP,A,2013,1.388842357,
HUN,GDEXPRD,TOT,PC_GDP,A,2014,1.353731578,
HUN,GDEXPRD,TOT,PC_GDP,A,2015,1.362445771,
HUN,GDEXPRD,TOT,PC_GDP,A,2016,1.204232847,
HUN,GDEXPRD,TOT,PC_GDP,A,2017,1.348602396,
ISL,GDEXPRD,TOT,PC_GDP,A,2000,2.578302258,
ISL,GDEXPRD,TOT,PC_GDP,A,2001,2.850099132,
ISL,GDEXPRD,TOT,PC_GDP,A,2002,2.828410861,
ISL,GDEXPRD,TOT,PC_GDP,A,2003,2.70912102,
ISL,GDEXPRD,TOT,PC_GDP,A,2005,2.686136792,
ISL,GDEXPRD,TOT,PC_GDP,A,2006,2.893898203,
ISL,GDEXPRD,TOT,PC_GDP,A,2007,2.549127865,
ISL,GDEXPRD,TOT,PC_GDP,A,2008,2.487449186,
ISL,GDEXPRD,TOT,PC_GDP,A,2009,2.595113893,
ISL,GDEXPRD,TOT,PC_GDP,A,2011,2.413666871,
ISL,GDEXPRD,TOT,PC_GDP,A,2013,1.702039938,
ISL,GDEXPRD,TOT,PC_GDP,A,2014,1.948111282,
ISL,GDEXPRD,TOT,PC_GDP,A,2015,2.12005738,
ISL,GDEXPRD,TOT,PC_GDP,A,2016,2.034073211,
ISL,GDEXPRD,TOT,PC_GDP,A,2017,2.127236118,
IRL,GDEXPRD,TOT,PC_GDP,A,2000,1.084974768,
IRL,GDEXPRD,TOT,PC_GDP,A,2001,1.053061869,
IRL,GDEXPRD,TOT,PC_GDP,A,2002,1.056052088,
IRL,GDEXPRD,TOT,PC_GDP,A,2003,1.124517077,
IRL,GDEXPRD,TOT,PC_GDP,A,2004,1.17865714,
IRL,GDEXPRD,TOT,PC_GDP,A,2005,1.19280564,
IRL,GDEXPRD,TOT,PC_GDP,A,2006,1.198364926,
IRL,GDEXPRD,TOT,PC_GDP,A,2007,1.233252903,
IRL,GDEXPRD,TOT,PC_GDP,A,2008,1.387662099,
IRL,GDEXPRD,TOT,PC_GDP,A,2009,1.608199395,
IRL,GDEXPRD,TOT,PC_GDP,A,2010,1.591632517,
IRL,GDEXPRD,TOT,PC_GDP,A,2011,1.557729017,
IRL,GDEXPRD,TOT,PC_GDP,A,2012,1.560296465,
IRL,GDEXPRD,TOT,PC_GDP,A,2013,1.563529556,
IRL,GDEXPRD,TOT,PC_GDP,A,2014,1.495907311,
IRL,GDEXPRD,TOT,PC_GDP,A,2015,1.193677728,
IRL,GDEXPRD,TOT,PC_GDP,A,2016,1.162267943,
IRL,GDEXPRD,TOT,PC_GDP,A,2017,1.051068829,
ITA,GDEXPRD,TOT,PC_GDP,A,2000,1.005457826,
ITA,GDEXPRD,TOT,PC_GDP,A,2001,1.044907414,
ITA,GDEXPRD,TOT,PC_GDP,A,2002,1.084824114,
ITA,GDEXPRD,TOT,PC_GDP,A,2003,1.061975843,
ITA,GDEXPRD,TOT,PC_GDP,A,2004,1.053120189,
ITA,GDEXPRD,TOT,PC_GDP,A,2005,1.047092233,
ITA,GDEXPRD,TOT,PC_GDP,A,2006,1.086960874,
ITA,GDEXPRD,TOT,PC_GDP,A,2007,1.132701124,
ITA,GDEXPRD,TOT,PC_GDP,A,2008,1.163666985,
ITA,GDEXPRD,TOT,PC_GDP,A,2009,1.221264226,
ITA,GDEXPRD,TOT,PC_GDP,A,2010,1.223105182,
ITA,GDEXPRD,TOT,PC_GDP,A,2011,1.209835044,
ITA,GDEXPRD,TOT,PC_GDP,A,2012,1.270869944,
ITA,GDEXPRD,TOT,PC_GDP,A,2013,1.307684892,
ITA,GDEXPRD,TOT,PC_GDP,A,2014,1.343008367,
ITA,GDEXPRD,TOT,PC_GDP,A,2015,1.341153429,
ITA,GDEXPRD,TOT,PC_GDP,A,2016,1.371306105,
ITA,GDEXPRD,TOT,PC_GDP,A,2017,1.35396296,
JPN,GDEXPRD,TOT,PC_GDP,A,2000,2.905686094,
JPN,GDEXPRD,TOT,PC_GDP,A,2001,2.97183048,
JPN,GDEXPRD,TOT,PC_GDP,A,2002,3.013939714,
JPN,GDEXPRD,TOT,PC_GDP,A,2003,3.042953376,
JPN,GDEXPRD,TOT,PC_GDP,A,2004,3.029518467,
JPN,GDEXPRD,TOT,PC_GDP,A,2005,3.180993824,
JPN,GDEXPRD,TOT,PC_GDP,A,2006,3.278443068,
JPN,GDEXPRD,TOT,PC_GDP,A,2007,3.339596026,
JPN,GDEXPRD,TOT,PC_GDP,A,2008,3.337179962,
JPN,GDEXPRD,TOT,PC_GDP,A,2009,3.231398506,
JPN,GDEXPRD,TOT,PC_GDP,A,2010,3.137075378,
JPN,GDEXPRD,TOT,PC_GDP,A,2011,3.244766421,
JPN,GDEXPRD,TOT,PC_GDP,A,2012,3.209083937,
JPN,GDEXPRD,TOT,PC_GDP,A,2013,3.314959827,
JPN,GDEXPRD,TOT,PC_GDP,A,2014,3.400218535,
JPN,GDEXPRD,TOT,PC_GDP,A,2015,3.277540867,
JPN,GDEXPRD,TOT,PC_GDP,A,2016,3.140806001,
JPN,GDEXPRD,TOT,PC_GDP,A,2017,3.204322074,
KOR,GDEXPRD,TOT,PC_GDP,A,2000,2.180232487,
KOR,GDEXPRD,TOT,PC_GDP,A,2001,2.341084383,
KOR,GDEXPRD,TOT,PC_GDP,A,2002,2.273815,
KOR,GDEXPRD,TOT,PC_GDP,A,2003,2.351500952,
KOR,GDEXPRD,TOT,PC_GDP,A,2004,2.53247775,
KOR,GDEXPRD,TOT,PC_GDP,A,2005,2.626167048,
KOR,GDEXPRD,TOT,PC_GDP,A,2006,2.830658236,
KOR,GDEXPRD,TOT,PC_GDP,A,2007,3.00034922,
KOR,GDEXPRD,TOT,PC_GDP,A,2008,3.123431188,
KOR,GDEXPRD,TOT,PC_GDP,A,2009,3.293240025,
KOR,GDEXPRD,TOT,PC_GDP,A,2010,3.465941437,
KOR,GDEXPRD,TOT,PC_GDP,A,2011,3.743612984,
KOR,GDEXPRD,TOT,PC_GDP,A,2012,4.025543282,
KOR,GDEXPRD,TOT,PC_GDP,A,2013,4.148528466,
KOR,GDEXPRD,TOT,PC_GDP,A,2014,4.288743326,
KOR,GDEXPRD,TOT,PC_GDP,A,2015,4.217017062,
KOR,GDEXPRD,TOT,PC_GDP,A,2016,4.227440719,
KOR,GDEXPRD,TOT,PC_GDP,A,2017,4.553239463,
LUX,GDEXPRD,TOT,PC_GDP,A,2000,1.576729466,
LUX,GDEXPRD,TOT,PC_GDP,A,2003,1.625948581,
LUX,GDEXPRD,TOT,PC_GDP,A,2004,1.60261883,
LUX,GDEXPRD,TOT,PC_GDP,A,2005,1.57170714,
LUX,GDEXPRD,TOT,PC_GDP,A,2006,1.666743324,
LUX,GDEXPRD,TOT,PC_GDP,A,2007,1.591226372,
LUX,GDEXPRD,TOT,PC_GDP,A,2008,1.622929529,
LUX,GDEXPRD,TOT,PC_GDP,A,2009,1.677497099,
LUX,GDEXPRD,TOT,PC_GDP,A,2010,1.502570623,
LUX,GDEXPRD,TOT,PC_GDP,A,2011,1.462771176,
LUX,GDEXPRD,TOT,PC_GDP,A,2012,1.272673912,
LUX,GDEXPRD,TOT,PC_GDP,A,2013,1.302660068,
LUX,GDEXPRD,TOT,PC_GDP,A,2014,1.264036617,
LUX,GDEXPRD,TOT,PC_GDP,A,2015,1.284053195,
LUX,GDEXPRD,TOT,PC_GDP,A,2016,1.295235985,
LUX,GDEXPRD,TOT,PC_GDP,A,2017,1.256072017,
MEX,GDEXPRD,TOT,PC_GDP,A,2000,0.306134903,
MEX,GDEXPRD,TOT,PC_GDP,A,2001,0.324179898,
MEX,GDEXPRD,TOT,PC_GDP,A,2002,0.3666728,
MEX,GDEXPRD,TOT,PC_GDP,A,2003,0.380381909,
MEX,GDEXPRD,TOT,PC_GDP,A,2004,0.388162818,
MEX,GDEXPRD,TOT,PC_GDP,A,2005,0.398438586,
MEX,GDEXPRD,TOT,PC_GDP,A,2006,0.369217256,
MEX,GDEXPRD,TOT,PC_GDP,A,2007,0.426060493,
MEX,GDEXPRD,TOT,PC_GDP,A,2008,0.470732039,
MEX,GDEXPRD,TOT,PC_GDP,A,2009,0.516771888,
MEX,GDEXPRD,TOT,PC_GDP,A,2010,0.532994246,
MEX,GDEXPRD,TOT,PC_GDP,A,2011,0.511441697,
MEX,GDEXPRD,TOT,PC_GDP,A,2012,0.486841546,
MEX,GDEXPRD,TOT,PC_GDP,A,2013,0.498551266,
MEX,GDEXPRD,TOT,PC_GDP,A,2014,0.530366038,
MEX,GDEXPRD,TOT,PC_GDP,A,2015,0.523765847,
MEX,GDEXPRD,TOT,PC_GDP,A,2016,0.486090433,
NLD,GDEXPRD,TOT,PC_GDP,A,2000,1.789795291,
NLD,GDEXPRD,TOT,PC_GDP,A,2001,1.796086586,
NLD,GDEXPRD,TOT,PC_GDP,A,2002,1.74543089,
NLD,GDEXPRD,TOT,PC_GDP,A,2003,1.78389657,
NLD,GDEXPRD,TOT,PC_GDP,A,2004,1.789013879,
NLD,GDEXPRD,TOT,PC_GDP,A,2005,1.77387939,
NLD,GDEXPRD,TOT,PC_GDP,A,2006,1.740667116,
NLD,GDEXPRD,TOT,PC_GDP,A,2007,1.670300564,
NLD,GDEXPRD,TOT,PC_GDP,A,2008,1.622687338,
NLD,GDEXPRD,TOT,PC_GDP,A,2009,1.665701089,
NLD,GDEXPRD,TOT,PC_GDP,A,2010,1.704039663,
NLD,GDEXPRD,TOT,PC_GDP,A,2011,1.881314735,
NLD,GDEXPRD,TOT,PC_GDP,A,2012,1.916273749,
NLD,GDEXPRD,TOT,PC_GDP,A,2013,1.929865453,
NLD,GDEXPRD,TOT,PC_GDP,A,2014,1.975677482,
NLD,GDEXPRD,TOT,PC_GDP,A,2015,1.984873799,
NLD,GDEXPRD,TOT,PC_GDP,A,2016,1.996846558,
NLD,GDEXPRD,TOT,PC_GDP,A,2017,1.991118625,
NZL,GDEXPRD,TOT,PC_GDP,A,2001,1.10028591,
NZL,GDEXPRD,TOT,PC_GDP,A,2003,1.148911434,
NZL,GDEXPRD,TOT,PC_GDP,A,2005,1.120446804,
NZL,GDEXPRD,TOT,PC_GDP,A,2007,1.156567441,
NZL,GDEXPRD,TOT,PC_GDP,A,2009,1.252503205,
NZL,GDEXPRD,TOT,PC_GDP,A,2011,1.231001543,
NZL,GDEXPRD,TOT,PC_GDP,A,2013,1.154118937,
NZL,GDEXPRD,TOT,PC_GDP,A,2015,1.23005528,
NOR,GDEXPRD,TOT,PC_GDP,A,2001,1.562312051,
NOR,GDEXPRD,TOT,PC_GDP,A,2002,1.630580042,
NOR,GDEXPRD,TOT,PC_GDP,A,2003,1.680358209,
NOR,GDEXPRD,TOT,PC_GDP,A,2004,1.545061367,
NOR,GDEXPRD,TOT,PC_GDP,A,2005,1.483165422,
NOR,GDEXPRD,TOT,PC_GDP,A,2006,1.455975501,
NOR,GDEXPRD,TOT,PC_GDP,A,2007,1.564006523,
NOR,GDEXPRD,TOT,PC_GDP,A,2008,1.553457193,
NOR,GDEXPRD,TOT,PC_GDP,A,2009,1.722792631,
NOR,GDEXPRD,TOT,PC_GDP,A,2010,1.648550606,
NOR,GDEXPRD,TOT,PC_GDP,A,2011,1.625335553,
NOR,GDEXPRD,TOT,PC_GDP,A,2012,1.618575609,
NOR,GDEXPRD,TOT,PC_GDP,A,2013,1.650039424,
NOR,GDEXPRD,TOT,PC_GDP,A,2014,1.711872729,
NOR,GDEXPRD,TOT,PC_GDP,A,2015,1.930948047,
NOR,GDEXPRD,TOT,PC_GDP,A,2016,2.03074027,
NOR,GDEXPRD,TOT,PC_GDP,A,2017,2.109677316,
POL,GDEXPRD,TOT,PC_GDP,A,2000,0.642018971,
POL,GDEXPRD,TOT,PC_GDP,A,2001,0.622841274,
POL,GDEXPRD,TOT,PC_GDP,A,2002,0.557845989,
POL,GDEXPRD,TOT,PC_GDP,A,2003,0.538838911,
POL,GDEXPRD,TOT,PC_GDP,A,2004,0.552514195,
POL,GDEXPRD,TOT,PC_GDP,A,2005,0.56281475,
POL,GDEXPRD,TOT,PC_GDP,A,2006,0.550819574,
POL,GDEXPRD,TOT,PC_GDP,A,2007,0.561887159,
POL,GDEXPRD,TOT,PC_GDP,A,2008,0.599205797,
POL,GDEXPRD,TOT,PC_GDP,A,2009,0.660971223,
POL,GDEXPRD,TOT,PC_GDP,A,2010,0.720695663,
POL,GDEXPRD,TOT,PC_GDP,A,2011,0.745884669,
POL,GDEXPRD,TOT,PC_GDP,A,2012,0.880856744,
POL,GDEXPRD,TOT,PC_GDP,A,2013,0.870531929,
POL,GDEXPRD,TOT,PC_GDP,A,2014,0.939776684,
POL,GDEXPRD,TOT,PC_GDP,A,2015,1.003245145,
POL,GDEXPRD,TOT,PC_GDP,A,2016,0.964101032,
POL,GDEXPRD,TOT,PC_GDP,A,2017,1.034755849,
PRT,GDEXPRD,TOT,PC_GDP,A,2000,0.721270402,
PRT,GDEXPRD,TOT,PC_GDP,A,2001,0.764522342,
PRT,GDEXPRD,TOT,PC_GDP,A,2002,0.721444434,
PRT,GDEXPRD,TOT,PC_GDP,A,2003,0.697586933,
PRT,GDEXPRD,TOT,PC_GDP,A,2004,0.728709684,
PRT,GDEXPRD,TOT,PC_GDP,A,2005,0.757070432,
PRT,GDEXPRD,TOT,PC_GDP,A,2006,0.954546987,
PRT,GDEXPRD,TOT,PC_GDP,A,2007,1.124270968,
PRT,GDEXPRD,TOT,PC_GDP,A,2008,1.445204665,
PRT,GDEXPRD,TOT,PC_GDP,A,2009,1.579725445,
PRT,GDEXPRD,TOT,PC_GDP,A,2010,1.53257249,
PRT,GDEXPRD,TOT,PC_GDP,A,2011,1.456831329,
PRT,GDEXPRD,TOT,PC_GDP,A,2012,1.377767686,
PRT,GDEXPRD,TOT,PC_GDP,A,2013,1.326410846,
PRT,GDEXPRD,TOT,PC_GDP,A,2014,1.289727922,
PRT,GDEXPRD,TOT,PC_GDP,A,2015,1.242634819,
PRT,GDEXPRD,TOT,PC_GDP,A,2016,1.280813612,
PRT,GDEXPRD,TOT,PC_GDP,A,2017,1.316820992,
SVK,GDEXPRD,TOT,PC_GDP,A,2000,0.639272055,
SVK,GDEXPRD,TOT,PC_GDP,A,2001,0.625651943,
SVK,GDEXPRD,TOT,PC_GDP,A,2002,0.563889429,
SVK,GDEXPRD,TOT,PC_GDP,A,2003,0.562473647,
SVK,GDEXPRD,TOT,PC_GDP,A,2004,0.50149238,
SVK,GDEXPRD,TOT,PC_GDP,A,2005,0.494006781,
SVK,GDEXPRD,TOT,PC_GDP,A,2006,0.475629255,
SVK,GDEXPRD,TOT,PC_GDP,A,2007,0.448235051,
SVK,GDEXPRD,TOT,PC_GDP,A,2008,0.462040883,
SVK,GDEXPRD,TOT,PC_GDP,A,2009,0.473258066,
SVK,GDEXPRD,TOT,PC_GDP,A,2010,0.616137037,
SVK,GDEXPRD,TOT,PC_GDP,A,2011,0.663256319,
SVK,GDEXPRD,TOT,PC_GDP,A,2012,0.804947659,
SVK,GDEXPRD,TOT,PC_GDP,A,2013,0.823617666,
SVK,GDEXPRD,TOT,PC_GDP,A,2014,0.880078541,
SVK,GDEXPRD,TOT,PC_GDP,A,2015,1.171711649,
SVK,GDEXPRD,TOT,PC_GDP,A,2016,0.788952336,
SVK,GDEXPRD,TOT,PC_GDP,A,2017,0.88267211,
ESP,GDEXPRD,TOT,PC_GDP,A,2000,0.884949787,
ESP,GDEXPRD,TOT,PC_GDP,A,2001,0.890194102,
ESP,GDEXPRD,TOT,PC_GDP,A,2002,0.960049807,
ESP,GDEXPRD,TOT,PC_GDP,A,2003,1.022193182,
ESP,GDEXPRD,TOT,PC_GDP,A,2004,1.038490051,
ESP,GDEXPRD,TOT,PC_GDP,A,2005,1.095770853,
ESP,GDEXPRD,TOT,PC_GDP,A,2006,1.172174868,
ESP,GDEXPRD,TOT,PC_GDP,A,2007,1.234482253,
ESP,GDEXPRD,TOT,PC_GDP,A,2008,1.317063585,
ESP,GDEXPRD,TOT,PC_GDP,A,2009,1.351341335,
ESP,GDEXPRD,TOT,PC_GDP,A,2010,1.349614454,
ESP,GDEXPRD,TOT,PC_GDP,A,2011,1.325078972,
ESP,GDEXPRD,TOT,PC_GDP,A,2012,1.287883595,
ESP,GDEXPRD,TOT,PC_GDP,A,2013,1.268586019,
ESP,GDEXPRD,TOT,PC_GDP,A,2014,1.235354532,
ESP,GDEXPRD,TOT,PC_GDP,A,2015,1.218315428,
ESP,GDEXPRD,TOT,PC_GDP,A,2016,1.185258813,
ESP,GDEXPRD,TOT,PC_GDP,A,2017,1.204816178,
SWE,GDEXPRD,TOT,PC_GDP,A,2001,3.907851877,
SWE,GDEXPRD,TOT,PC_GDP,A,2003,3.609770436,
SWE,GDEXPRD,TOT,PC_GDP,A,2004,3.387369975,
SWE,GDEXPRD,TOT,PC_GDP,A,2005,3.38312348,
SWE,GDEXPRD,TOT,PC_GDP,A,2006,3.496088721,
SWE,GDEXPRD,TOT,PC_GDP,A,2007,3.252728051,
SWE,GDEXPRD,TOT,PC_GDP,A,2008,3.491041758,
SWE,GDEXPRD,TOT,PC_GDP,A,2009,3.445980858,
SWE,GDEXPRD,TOT,PC_GDP,A,2010,3.212617883,
SWE,GDEXPRD,TOT,PC_GDP,A,2011,3.245222741,
SWE,GDEXPRD,TOT,PC_GDP,A,2012,3.277723726,
SWE,GDEXPRD,TOT,PC_GDP,A,2013,3.302517608,
SWE,GDEXPRD,TOT,PC_GDP,A,2014,3.142612458,
SWE,GDEXPRD,TOT,PC_GDP,A,2015,3.264181754,
SWE,GDEXPRD,TOT,PC_GDP,A,2016,3.269230375,
SWE,GDEXPRD,TOT,PC_GDP,A,2017,3.327070457,
CHE,GDEXPRD,TOT,PC_GDP,A,2000,2.323443699,
CHE,GDEXPRD,TOT,PC_GDP,A,2004,2.67269187,
CHE,GDEXPRD,TOT,PC_GDP,A,2008,2.714716175,
CHE,GDEXPRD,TOT,PC_GDP,A,2012,3.186233046,
CHE,GDEXPRD,TOT,PC_GDP,A,2015,3.371602219,
TUR,GDEXPRD,TOT,PC_GDP,A,2000,0.467834616,
TUR,GDEXPRD,TOT,PC_GDP,A,2001,0.526381418,
TUR,GDEXPRD,TOT,PC_GDP,A,2002,0.512937952,
TUR,GDEXPRD,TOT,PC_GDP,A,2003,0.469448489,
TUR,GDEXPRD,TOT,PC_GDP,A,2004,0.502148744,
TUR,GDEXPRD,TOT,PC_GDP,A,2005,0.569307455,
TUR,GDEXPRD,TOT,PC_GDP,A,2006,0.557492023,
TUR,GDEXPRD,TOT,PC_GDP,A,2007,0.691817052,
TUR,GDEXPRD,TOT,PC_GDP,A,2008,0.692919861,
TUR,GDEXPRD,TOT,PC_GDP,A,2009,0.809399417,
TUR,GDEXPRD,TOT,PC_GDP,A,2010,0.798920545,
TUR,GDEXPRD,TOT,PC_GDP,A,2011,0.799880433,
TUR,GDEXPRD,TOT,PC_GDP,A,2012,0.832165067,
TUR,GDEXPRD,TOT,PC_GDP,A,2013,0.818213788,
TUR,GDEXPRD,TOT,PC_GDP,A,2014,0.860768439,
TUR,GDEXPRD,TOT,PC_GDP,A,2015,0.881503008,
TUR,GDEXPRD,TOT,PC_GDP,A,2016,0.944642851,
TUR,GDEXPRD,TOT,PC_GDP,A,2017,0.96105343,
GBR,GDEXPRD,TOT,PC_GDP,A,2000,1.626487941,
GBR,GDEXPRD,TOT,PC_GDP,A,2001,1.61902814,
GBR,GDEXPRD,TOT,PC_GDP,A,2002,1.625402804,
GBR,GDEXPRD,TOT,PC_GDP,A,2003,1.589499356,
GBR,GDEXPRD,TOT,PC_GDP,A,2004,1.542296402,
GBR,GDEXPRD,TOT,PC_GDP,A,2005,1.561199148,
GBR,GDEXPRD,TOT,PC_GDP,A,2006,1.582854788,
GBR,GDEXPRD,TOT,PC_GDP,A,2007,1.621652777,
GBR,GDEXPRD,TOT,PC_GDP,A,2008,1.623071017,
GBR,GDEXPRD,TOT,PC_GDP,A,2009,1.682499432,
GBR,GDEXPRD,TOT,PC_GDP,A,2010,1.660633992,
GBR,GDEXPRD,TOT,PC_GDP,A,2011,1.664878939,
GBR,GDEXPRD,TOT,PC_GDP,A,2012,1.593822536,
GBR,GDEXPRD,TOT,PC_GDP,A,2013,1.639376,
GBR,GDEXPRD,TOT,PC_GDP,A,2014,1.659148889,
GBR,GDEXPRD,TOT,PC_GDP,A,2015,1.668179629,
GBR,GDEXPRD,TOT,PC_GDP,A,2016,1.682112023,
GBR,GDEXPRD,TOT,PC_GDP,A,2017,1.663813305,
USA,GDEXPRD,TOT,PC_GDP,A,2000,2.628793192,
USA,GDEXPRD,TOT,PC_GDP,A,2001,2.648296295,
USA,GDEXPRD,TOT,PC_GDP,A,2002,2.559256605,
USA,GDEXPRD,TOT,PC_GDP,A,2003,2.564546092,
USA,GDEXPRD,TOT,PC_GDP,A,2004,2.502429643,
USA,GDEXPRD,TOT,PC_GDP,A,2005,2.516968141,
USA,GDEXPRD,TOT,PC_GDP,A,2006,2.557640249,
USA,GDEXPRD,TOT,PC_GDP,A,2007,2.631605897,
USA,GDEXPRD,TOT,PC_GDP,A,2008,2.767907906,
USA,GDEXPRD,TOT,PC_GDP,A,2009,2.812699236,
USA,GDEXPRD,TOT,PC_GDP,A,2010,2.735402732,
USA,GDEXPRD,TOT,PC_GDP,A,2011,2.765254833,
USA,GDEXPRD,TOT,PC_GDP,A,2012,2.681662112,
USA,GDEXPRD,TOT,PC_GDP,A,2013,2.709711275,
USA,GDEXPRD,TOT,PC_GDP,A,2014,2.719203741,
USA,GDEXPRD,TOT,PC_GDP,A,2015,2.717437451,
USA,GDEXPRD,TOT,PC_GDP,A,2016,2.75965566,
USA,GDEXPRD,TOT,PC_GDP,A,2017,2.787980577,
ARG,GDEXPRD,TOT,PC_GDP,A,2000,0.404290563,
ARG,GDEXPRD,TOT,PC_GDP,A,2001,0.39107007,
ARG,GDEXPRD,TOT,PC_GDP,A,2002,0.359716488,
ARG,GDEXPRD,TOT,PC_GDP,A,2003,0.378400933,
ARG,GDEXPRD,TOT,PC_GDP,A,2004,0.403759771,
ARG,GDEXPRD,TOT,PC_GDP,A,2005,0.42074496,
ARG,GDEXPRD,TOT,PC_GDP,A,2006,0.452155425,
ARG,GDEXPRD,TOT,PC_GDP,A,2007,0.46006591,
ARG,GDEXPRD,TOT,PC_GDP,A,2008,0.470544809,
ARG,GDEXPRD,TOT,PC_GDP,A,2009,0.58705209,
ARG,GDEXPRD,TOT,PC_GDP,A,2010,0.564050123,
ARG,GDEXPRD,TOT,PC_GDP,A,2011,0.569338199,
ARG,GDEXPRD,TOT,PC_GDP,A,2012,0.638878111,
ARG,GDEXPRD,TOT,PC_GDP,A,2013,0.622336145,
ARG,GDEXPRD,TOT,PC_GDP,A,2014,0.592492534,
ARG,GDEXPRD,TOT,PC_GDP,A,2015,0.618540979,
ARG,GDEXPRD,TOT,PC_GDP,A,2016,0.532743722,
CHL,GDEXPRD,TOT,PC_GDP,A,2007,0.309565375,
CHL,GDEXPRD,TOT,PC_GDP,A,2008,0.374967889,
CHL,GDEXPRD,TOT,PC_GDP,A,2009,0.352021253,
CHL,GDEXPRD,TOT,PC_GDP,A,2010,0.329474896,
CHL,GDEXPRD,TOT,PC_GDP,A,2011,0.351442057,
CHL,GDEXPRD,TOT,PC_GDP,A,2012,0.362204702,
CHL,GDEXPRD,TOT,PC_GDP,A,2013,0.388699661,
CHL,GDEXPRD,TOT,PC_GDP,A,2014,0.374973243,
CHL,GDEXPRD,TOT,PC_GDP,A,2015,0.380601655,
CHL,GDEXPRD,TOT,PC_GDP,A,2016,0.362437419,
CHN,GDEXPRD,TOT,PC_GDP,A,2000,0.89316325,
CHN,GDEXPRD,TOT,PC_GDP,A,2001,0.940330913,
CHN,GDEXPRD,TOT,PC_GDP,A,2002,1.057860257,
CHN,GDEXPRD,TOT,PC_GDP,A,2003,1.120366462,
CHN,GDEXPRD,TOT,PC_GDP,A,2004,1.214982433,
CHN,GDEXPRD,TOT,PC_GDP,A,2005,1.307915592,
CHN,GDEXPRD,TOT,PC_GDP,A,2006,1.368536788,
CHN,GDEXPRD,TOT,PC_GDP,A,2007,1.37298243,
CHN,GDEXPRD,TOT,PC_GDP,A,2008,1.44469417,
CHN,GDEXPRD,TOT,PC_GDP,A,2009,1.662107119,
CHN,GDEXPRD,TOT,PC_GDP,A,2010,1.709941619,
CHN,GDEXPRD,TOT,PC_GDP,A,2011,1.775393143,
CHN,GDEXPRD,TOT,PC_GDP,A,2012,1.905816117,
CHN,GDEXPRD,TOT,PC_GDP,A,2013,1.990207375,
CHN,GDEXPRD,TOT,PC_GDP,A,2014,2.021142108,
CHN,GDEXPRD,TOT,PC_GDP,A,2015,2.056431525,
CHN,GDEXPRD,TOT,PC_GDP,A,2016,2.108264404,
CHN,GDEXPRD,TOT,PC_GDP,A,2017,2.128602053,
EST,GDEXPRD,TOT,PC_GDP,A,2000,0.600092146,
EST,GDEXPRD,TOT,PC_GDP,A,2001,0.699453112,
EST,GDEXPRD,TOT,PC_GDP,A,2002,0.716079762,
EST,GDEXPRD,TOT,PC_GDP,A,2003,0.767770681,
EST,GDEXPRD,TOT,PC_GDP,A,2004,0.8519199,
EST,GDEXPRD,TOT,PC_GDP,A,2005,0.923635853,
EST,GDEXPRD,TOT,PC_GDP,A,2006,1.116658694,
EST,GDEXPRD,TOT,PC_GDP,A,2007,1.068839428,
EST,GDEXPRD,TOT,PC_GDP,A,2008,1.259522866,
EST,GDEXPRD,TOT,PC_GDP,A,2009,1.395413509,
EST,GDEXPRD,TOT,PC_GDP,A,2010,1.581619791,
EST,GDEXPRD,TOT,PC_GDP,A,2011,2.306545756,
EST,GDEXPRD,TOT,PC_GDP,A,2012,2.122648375,
EST,GDEXPRD,TOT,PC_GDP,A,2013,1.722162569,
EST,GDEXPRD,TOT,PC_GDP,A,2014,1.429307199,
EST,GDEXPRD,TOT,PC_GDP,A,2015,1.466298039,
EST,GDEXPRD,TOT,PC_GDP,A,2016,1.246803504,
EST,GDEXPRD,TOT,PC_GDP,A,2017,1.288666397,
ISR,GDEXPRD,TOT,PC_GDP,A,2000,3.93623999,
ISR,GDEXPRD,TOT,PC_GDP,A,2001,4.187716444,
ISR,GDEXPRD,TOT,PC_GDP,A,2002,4.133451551,
ISR,GDEXPRD,TOT,PC_GDP,A,2003,3.897869568,
ISR,GDEXPRD,TOT,PC_GDP,A,2004,3.877316679,
ISR,GDEXPRD,TOT,PC_GDP,A,2005,4.051531351,
ISR,GDEXPRD,TOT,PC_GDP,A,2006,4.142363727,
ISR,GDEXPRD,TOT,PC_GDP,A,2007,4.427682779,
ISR,GDEXPRD,TOT,PC_GDP,A,2008,4.345167749,
ISR,GDEXPRD,TOT,PC_GDP,A,2009,4.133261131,
ISR,GDEXPRD,TOT,PC_GDP,A,2010,3.939838657,
ISR,GDEXPRD,TOT,PC_GDP,A,2011,4.011514266,
ISR,GDEXPRD,TOT,PC_GDP,A,2012,4.157349645,
ISR,GDEXPRD,TOT,PC_GDP,A,2013,4.074797556,
ISR,GDEXPRD,TOT,PC_GDP,A,2014,4.175841019,
ISR,GDEXPRD,TOT,PC_GDP,A,2015,4.255625983,
ISR,GDEXPRD,TOT,PC_GDP,A,2016,4.393138931,
ISR,GDEXPRD,TOT,PC_GDP,A,2017,4.544737211,
ROU,GDEXPRD,TOT,PC_GDP,A,2000,0.364446025,
ROU,GDEXPRD,TOT,PC_GDP,A,2001,0.388197219,
ROU,GDEXPRD,TOT,PC_GDP,A,2002,0.376325821,
ROU,GDEXPRD,TOT,PC_GDP,A,2003,0.383407317,
ROU,GDEXPRD,TOT,PC_GDP,A,2004,0.383067736,
ROU,GDEXPRD,TOT,PC_GDP,A,2005,0.40747182,
ROU,GDEXPRD,TOT,PC_GDP,A,2006,0.451234178,
ROU,GDEXPRD,TOT,PC_GDP,A,2007,0.507562142,
ROU,GDEXPRD,TOT,PC_GDP,A,2008,0.553982178,
ROU,GDEXPRD,TOT,PC_GDP,A,2009,0.447787223,
ROU,GDEXPRD,TOT,PC_GDP,A,2010,0.456882292,
ROU,GDEXPRD,TOT,PC_GDP,A,2011,0.498320235,
ROU,GDEXPRD,TOT,PC_GDP,A,2012,0.483833659,
ROU,GDEXPRD,TOT,PC_GDP,A,2013,0.387873545,
ROU,GDEXPRD,TOT,PC_GDP,A,2014,0.382246402,
ROU,GDEXPRD,TOT,PC_GDP,A,2015,0.48793047,
ROU,GDEXPRD,TOT,PC_GDP,A,2016,0.480325704,
ROU,GDEXPRD,TOT,PC_GDP,A,2017,0.503904863,
RUS,GDEXPRD,TOT,PC_GDP,A,2000,0.975701144,
RUS,GDEXPRD,TOT,PC_GDP,A,2001,1.093833587,
RUS,GDEXPRD,TOT,PC_GDP,A,2002,1.158496815,
RUS,GDEXPRD,TOT,PC_GDP,A,2003,1.193973672,
RUS,GDEXPRD,TOT,PC_GDP,A,2004,1.068916323,
RUS,GDEXPRD,TOT,PC_GDP,A,2005,0.991516949,
RUS,GDEXPRD,TOT,PC_GDP,A,2006,0.996133043,
RUS,GDEXPRD,TOT,PC_GDP,A,2007,1.036217623,
RUS,GDEXPRD,TOT,PC_GDP,A,2008,0.969586872,
RUS,GDEXPRD,TOT,PC_GDP,A,2009,1.16229909,
RUS,GDEXPRD,TOT,PC_GDP,A,2010,1.049290984,
RUS,GDEXPRD,TOT,PC_GDP,A,2011,1.012609449,
RUS,GDEXPRD,TOT,PC_GDP,A,2012,1.02674579,
RUS,GDEXPRD,TOT,PC_GDP,A,2013,1.025239527,
RUS,GDEXPRD,TOT,PC_GDP,A,2014,1.070114463,
RUS,GDEXPRD,TOT,PC_GDP,A,2015,1.098931065,
RUS,GDEXPRD,TOT,PC_GDP,A,2016,1.096902807,
RUS,GDEXPRD,TOT,PC_GDP,A,2017,1.108677106,
SGP,GDEXPRD,TOT,PC_GDP,A,2000,1.821544868,
SGP,GDEXPRD,TOT,PC_GDP,A,2001,2.020756492,
SGP,GDEXPRD,TOT,PC_GDP,A,2002,2.068067552,
SGP,GDEXPRD,TOT,PC_GDP,A,2003,2.02636131,
SGP,GDEXPRD,TOT,PC_GDP,A,2004,2.104587501,
SGP,GDEXPRD,TOT,PC_GDP,A,2005,2.160666308,
SGP,GDEXPRD,TOT,PC_GDP,A,2006,2.133283809,
SGP,GDEXPRD,TOT,PC_GDP,A,2007,2.336992438,
SGP,GDEXPRD,TOT,PC_GDP,A,2008,2.620816159,
SGP,GDEXPRD,TOT,PC_GDP,A,2009,2.159245923,
SGP,GDEXPRD,TOT,PC_GDP,A,2010,2.012969931,
SGP,GDEXPRD,TOT,PC_GDP,A,2011,2.14585536,
SGP,GDEXPRD,TOT,PC_GDP,A,2012,1.994396202,
SGP,GDEXPRD,TOT,PC_GDP,A,2013,1.985967934,
SGP,GDEXPRD,TOT,PC_GDP,A,2014,2.159956154,
SVN,GDEXPRD,TOT,PC_GDP,A,2000,1.356302212,
SVN,GDEXPRD,TOT,PC_GDP,A,2001,1.467734916,
SVN,GDEXPRD,TOT,PC_GDP,A,2002,1.438734268,
SVN,GDEXPRD,TOT,PC_GDP,A,2003,1.245280259,
SVN,GDEXPRD,TOT,PC_GDP,A,2004,1.368059996,
SVN,GDEXPRD,TOT,PC_GDP,A,2005,1.412292077,
SVN,GDEXPRD,TOT,PC_GDP,A,2006,1.53291002,
SVN,GDEXPRD,TOT,PC_GDP,A,2007,1.42382107,
SVN,GDEXPRD,TOT,PC_GDP,A,2008,1.625639145,
SVN,GDEXPRD,TOT,PC_GDP,A,2009,1.816286071,
SVN,GDEXPRD,TOT,PC_GDP,A,2010,2.057633024,
SVN,GDEXPRD,TOT,PC_GDP,A,2011,2.423583346,
SVN,GDEXPRD,TOT,PC_GDP,A,2012,2.573189068,
SVN,GDEXPRD,TOT,PC_GDP,A,2013,2.580094433,
SVN,GDEXPRD,TOT,PC_GDP,A,2014,2.36670046,
SVN,GDEXPRD,TOT,PC_GDP,A,2015,2.19655264,
SVN,GDEXPRD,TOT,PC_GDP,A,2016,2.008882462,
SVN,GDEXPRD,TOT,PC_GDP,A,2017,1.85112937,
ZAF,GDEXPRD,TOT,PC_GDP,A,2001,0.715781011,
ZAF,GDEXPRD,TOT,PC_GDP,A,2003,0.760511252,
ZAF,GDEXPRD,TOT,PC_GDP,A,2004,0.813341049,
ZAF,GDEXPRD,TOT,PC_GDP,A,2005,0.863151104,
ZAF,GDEXPRD,TOT,PC_GDP,A,2006,0.89814994,
ZAF,GDEXPRD,TOT,PC_GDP,A,2007,0.882865198,
ZAF,GDEXPRD,TOT,PC_GDP,A,2008,0.888158989,
ZAF,GDEXPRD,TOT,PC_GDP,A,2009,0.835621015,
ZAF,GDEXPRD,TOT,PC_GDP,A,2010,0.737035791,
ZAF,GDEXPRD,TOT,PC_GDP,A,2011,0.734513905,
ZAF,GDEXPRD,TOT,PC_GDP,A,2012,0.73362969,
ZAF,GDEXPRD,TOT,PC_GDP,A,2013,0.724879452,
ZAF,GDEXPRD,TOT,PC_GDP,A,2014,0.771150624,
ZAF,GDEXPRD,TOT,PC_GDP,A,2015,0.798156539,
TWN,GDEXPRD,TOT,PC_GDP,A,2000,1.909243533,
TWN,GDEXPRD,TOT,PC_GDP,A,2001,2.017816636,
TWN,GDEXPRD,TOT,PC_GDP,A,2002,2.101215012,
TWN,GDEXPRD,TOT,PC_GDP,A,2003,2.215436702,
TWN,GDEXPRD,TOT,PC_GDP,A,2004,2.259904297,
TWN,GDEXPRD,TOT,PC_GDP,A,2005,2.323639854,
TWN,GDEXPRD,TOT,PC_GDP,A,2006,2.428937987,
TWN,GDEXPRD,TOT,PC_GDP,A,2007,2.474973961,
TWN,GDEXPRD,TOT,PC_GDP,A,2008,2.675012206,
TWN,GDEXPRD,TOT,PC_GDP,A,2009,2.840570635,
TWN,GDEXPRD,TOT,PC_GDP,A,2010,2.809231233,
TWN,GDEXPRD,TOT,PC_GDP,A,2011,2.908175524,
TWN,GDEXPRD,TOT,PC_GDP,A,2012,2.961561682,
TWN,GDEXPRD,TOT,PC_GDP,A,2013,3.017244599,
TWN,GDEXPRD,TOT,PC_GDP,A,2014,3.014353141,
TWN,GDEXPRD,TOT,PC_GDP,A,2015,3.059489329,
TWN,GDEXPRD,TOT,PC_GDP,A,2016,3.169040599,
TWN,GDEXPRD,TOT,PC_GDP,A,2017,3.308494205,
EU28,GDEXPRD,TOT,PC_GDP,A,2000,1.669845017,
EU28,GDEXPRD,TOT,PC_GDP,A,2001,1.690072644,
EU28,GDEXPRD,TOT,PC_GDP,A,2002,1.694166966,
EU28,GDEXPRD,TOT,PC_GDP,A,2003,1.68378438,
EU28,GDEXPRD,TOT,PC_GDP,A,2004,1.65898642,
EU28,GDEXPRD,TOT,PC_GDP,A,2005,1.660582863,
EU28,GDEXPRD,TOT,PC_GDP,A,2006,1.682483138,
EU28,GDEXPRD,TOT,PC_GDP,A,2007,1.690495727,
EU28,GDEXPRD,TOT,PC_GDP,A,2008,1.75561695,
EU28,GDEXPRD,TOT,PC_GDP,A,2009,1.832888545,
EU28,GDEXPRD,TOT,PC_GDP,A,2010,1.833732903,
EU28,GDEXPRD,TOT,PC_GDP,A,2011,1.874819182,
EU28,GDEXPRD,TOT,PC_GDP,A,2012,1.910723464,
EU28,GDEXPRD,TOT,PC_GDP,A,2013,1.919529389,
EU28,GDEXPRD,TOT,PC_GDP,A,2014,1.944399419,
EU28,GDEXPRD,TOT,PC_GDP,A,2015,1.95600679,
EU28,GDEXPRD,TOT,PC_GDP,A,2016,1.944429424,
EU28,GDEXPRD,TOT,PC_GDP,A,2017,1.962984619,
OECD,GDEXPRD,TOT,PC_GDP,A,2000,2.117437138,
OECD,GDEXPRD,TOT,PC_GDP,A,2001,2.155691142,
OECD,GDEXPRD,TOT,PC_GDP,A,2002,2.131542289,
OECD,GDEXPRD,TOT,PC_GDP,A,2003,2.136434966,
OECD,GDEXPRD,TOT,PC_GDP,A,2004,2.110439238,
OECD,GDEXPRD,TOT,PC_GDP,A,2005,2.140599381,
OECD,GDEXPRD,TOT,PC_GDP,A,2006,2.170497347,
OECD,GDEXPRD,TOT,PC_GDP,A,2007,2.204194214,
OECD,GDEXPRD,TOT,PC_GDP,A,2008,2.273361417,
OECD,GDEXPRD,TOT,PC_GDP,A,2009,2.319644759,
OECD,GDEXPRD,TOT,PC_GDP,A,2010,2.281775348,
OECD,GDEXPRD,TOT,PC_GDP,A,2011,2.313286257,
OECD,GDEXPRD,TOT,PC_GDP,A,2012,2.307636328,
OECD,GDEXPRD,TOT,PC_GDP,A,2013,2.330133298,
OECD,GDEXPRD,TOT,PC_GDP,A,2014,2.352362867,
OECD,GDEXPRD,TOT,PC_GDP,A,2015,2.343851916,
OECD,GDEXPRD,TOT,PC_GDP,A,2016,2.342100782,
OECD,GDEXPRD,TOT,PC_GDP,A,2017,2.368076812,
LVA,GDEXPRD,TOT,PC_GDP,A,2000,0.435983257,
LVA,GDEXPRD,TOT,PC_GDP,A,2001,0.403204186,
LVA,GDEXPRD,TOT,PC_GDP,A,2002,0.4088805,
LVA,GDEXPRD,TOT,PC_GDP,A,2003,0.360013152,
LVA,GDEXPRD,TOT,PC_GDP,A,2004,0.400123743,
LVA,GDEXPRD,TOT,PC_GDP,A,2005,0.529593817,
LVA,GDEXPRD,TOT,PC_GDP,A,2006,0.650622988,
LVA,GDEXPRD,TOT,PC_GDP,A,2007,0.553793502,
LVA,GDEXPRD,TOT,PC_GDP,A,2008,0.581390225,
LVA,GDEXPRD,TOT,PC_GDP,A,2009,0.452710695,
LVA,GDEXPRD,TOT,PC_GDP,A,2010,0.610780616,
LVA,GDEXPRD,TOT,PC_GDP,A,2011,0.696622001,
LVA,GDEXPRD,TOT,PC_GDP,A,2012,0.664242304,
LVA,GDEXPRD,TOT,PC_GDP,A,2013,0.612202231,
LVA,GDEXPRD,TOT,PC_GDP,A,2014,0.68930001,
LVA,GDEXPRD,TOT,PC_GDP,A,2015,0.625814031,
LVA,GDEXPRD,TOT,PC_GDP,A,2016,0.440935369,
LVA,GDEXPRD,TOT,PC_GDP,A,2017,0.510116207,
LTU,GDEXPRD,TOT,PC_GDP,A,2000,0.58479928,
LTU,GDEXPRD,TOT,PC_GDP,A,2001,0.666792536,
LTU,GDEXPRD,TOT,PC_GDP,A,2002,0.656695851,
LTU,GDEXPRD,TOT,PC_GDP,A,2003,0.663389646,
LTU,GDEXPRD,TOT,PC_GDP,A,2004,0.750658357,
LTU,GDEXPRD,TOT,PC_GDP,A,2005,0.74741158,
LTU,GDEXPRD,TOT,PC_GDP,A,2006,0.791189785,
LTU,GDEXPRD,TOT,PC_GDP,A,2007,0.800925267,
LTU,GDEXPRD,TOT,PC_GDP,A,2008,0.788441338,
LTU,GDEXPRD,TOT,PC_GDP,A,2009,0.829673248,
LTU,GDEXPRD,TOT,PC_GDP,A,2010,0.783476053,
LTU,GDEXPRD,TOT,PC_GDP,A,2011,0.903901301,
LTU,GDEXPRD,TOT,PC_GDP,A,2012,0.894694552,
LTU,GDEXPRD,TOT,PC_GDP,A,2013,0.950884911,
LTU,GDEXPRD,TOT,PC_GDP,A,2014,1.030475028,
LTU,GDEXPRD,TOT,PC_GDP,A,2015,1.040954681,
LTU,GDEXPRD,TOT,PC_GDP,A,2016,0.843286455,
LTU,GDEXPRD,TOT,PC_GDP,A,2017,0.881080066,